ecm_sequence,ecm_time_ns,us_sequence,robot_sequence,ndi_sequence,us_time_ns,robot_time_ns,ndi_time_ns,us_dt_ms,robot_dt_ms,ndi_dt_ms,display_age_ms,status
1,1824143873000000,1,1,1,1824143878000000,1824143871000000,1824143876000000,5.0,-2.0,3.0,111.0,rendered
2,1824143935000000,2,2,2,1824143940000000,1824143933000000,1824143938000000,5.0,-2.0,3.0,111.0,rendered
3,1824143998000000,3,3,3,1824144003000000,1824143996000000,1824144001000000,5.0,-2.0,3.0,95.0,rendered
4,1824144045000000,4,4,4,1824144050000000,1824144043000000,1824144048000000,5.0,-2.0,3.0,111.0,rendered
5,1824144107000000,5,5,5,1824144112000000,1824144105000000,1824144110000000,5.0,-2.0,3.0,96.0,rendered
6,1824144154000000,6,6,6,1824144159000000,1824144152000000,1824144157000000,5.0,-2.0,3.0,96.0,rendered
7,1824144216000000,7,7,7,1824144221000000,1824144214000000,1824144219000000,5.0,-2.0,3.0,96.0,rendered
8,1824144263000000,8,8,8,1824144268000000,1824144261000000,1824144266000000,5.0,-2.0,3.0,96.0,rendered
9,1824144310000000,9,9,9,1824144315000000,1824144308000000,1824144313000000,5.0,-2.0,3.0,111.0,rendered
10,1824144373000000,10,10,10,1824144378000000,1824144371000000,1824144376000000,5.0,-2.0,3.0,95.0,rendered
11,1824144420000000,11,11,11,1824144425000000,1824144418000000,1824144423000000,5.0,-2.0,3.0,111.0,rendered
12,1824144482000000,12,12,12,1824144487000000,1824144480000000,1824144485000000,5.0,-2.0,3.0,96.0,rendered
13,1824144529000000,13,13,13,1824144534000000,1824144527000000,1824144532000000,5.0,-2.0,3.0,96.0,rendered
14,1824144576000000,14,14,14,1824144581000000,1824144574000000,1824144579000000,5.0,-2.0,3.0,111.0,rendered
15,1824144638000000,15,15,15,1824144643000000,1824144636000000,1824144641000000,5.0,-2.0,3.0,96.0,rendered
16,1824144685000000,16,16,16,1824144690000000,1824144683000000,1824144688000000,5.0,-2.0,3.0,96.0,rendered
17,1824144732000000,17,17,17,1824144737000000,1824144730000000,1824144735000000,5.0,-2.0,3.0,111.0,rendered
18,1824144795000000,18,18,18,1824144800000000,1824144793000000,1824144798000000,5.0,-2.0,3.0,95.0,rendered
19,1824144841000000,19,19,19,1824144846000000,1824144839000000,1824144844000000,5.0,-2.0,3.0,112.0,rendered
